﻿[
  {
    "userGuid": "104a7235-0eea-48d6-84e5-5cabdcb8bcd4",
    "account": "star",
    "name": "小星星",
    "language": "",
    "email": ""
  },
  {
    "userGuid": "22615daa-349f-4827-a4bf-04ef11c6fb4b",
    "account": "holly",
    "name": "holly",
    "language": "",
    "email": ""
  },
  {
    "userGuid": "38c0da10-a0c9-4d2e-9adb-ca55763151ab",
    "account": "yafan",
    "name": "yafan",
    "language": "",
    "email": "yafan@edetw.com"
  },
  {
    "userGuid": "39e915c3-17cf-44ae-a6cf-e7bf917d75e1",
    "account": "rose",
    "name": "玫瑰",
    "language": "",
    "email": ""
  },
  {
    "userGuid": "6a284bd1-f1e1-494a-95a1-941b6fa0f218",
    "account": "sunflower",
    "name": "向日葵",
    "language": "",
    "email": ""
  },
  {
    "userGuid": "84dd9528-0339-48aa-99a0-aa51bd1016ec",
    "account": "alien",
    "name": "alien",
    "language": "",
    "email": "yafan@edetw.com"
  },
  {
    "userGuid": "85396020-a77c-403d-b797-15f4b393e351",
    "account": "tulip",
    "name": "鬱金香",
    "language": "",
    "email": "tulip@edetw.com"
  },
  {
    "userGuid": "8a0fb838-4bde-4799-8e65-c6471798bb4c",
    "account": "lily",
    "name": "小百合",
    "language": "",
    "email": "yafan@edetw.com"
  },
  {
    "userGuid": "9cc1dce4-7569-4d19-8ca1-233bd5c7b7b1",
    "account": "jasmine",
    "name": "茉莉",
    "language": "",
    "email": ""
  },
  {
    "userGuid": "admin",
    "account": "admin",
    "name": "系統管理員",
    "language": "zh-TW",
    "email": "yafan@edetw.com"
  }
]
